[
  {
    "title": "Nike Air Force 1",
    "description": "A classic sneaker with a clean design that fits any look.",
    "imageUrl": "https://typeshoes.co.il/wp-content/uploads/2021/09/NIKE-AIR-FORCE-1-WHITE-SUPREME_2.jpg"
  },
  {
    "title": "Adidas Yeezy Boost",
    "description": "Unique design and maximum comfort by Kanye West.",
    "imageUrl": "https://www.yeezy.co.il/wp-content/uploads/yeezy-350/hp7870-433x260.jpg"
  },
  {
    "title": "Air Jordan 1 Retro",
    "description": "A basketball icon turned fashion essential.",
    "imageUrl": "https://m.media-amazon.com/images/I/71Lvsa8HHrL._AC_UY900_.jpg"
  },
  {
    "title": "Nike Dunk Low",
    "description": "A skateboarding classic with everyday street style.",
    "imageUrl": "https://images.stockx.com/images/Nike-Dunk-Low-Black-White-2021-Product.jpg"
  },
  {
    "title": "New Balance 550",
    "description": "Retro 90s vibes with a modern twist.",
    "imageUrl": "https://images.stockx.com/images/New-Balance-550-White-Green-Product.jpg"
  },
  {
    "title": "Nike Air Max 97",
    "description": "Wavy design and full-length Air for a modern classic.",
    "imageUrl": "https://cdn.shopify.com/s/files/1/2358/2817/products/air-max-971-sean-wotherspoon-549899.png?v=1638813445"
  },
  {
    "title": "Adidas Superstar",
    "description": "The legendary shell toe with timeless retro style.",
    "imageUrl": "https://i1.t4s.cz//products/fy7717/adidas-originals-superstar-338503-fy7719-960.webp"
  },
  {
    "title": "Puma Suede Classic",
    "description": "Simple style with an elegant throwback feel.",
    "imageUrl": "https://images.puma.com/image/upload/f_auto,q_auto,b_rgb:fafafa/global/352634/03/sv01/fnd/PNA/fmt/png"
  },
  {
    "title": "Vans Old Skool",
    "description": "The ultimate sneaker for a real skater look.",
    "imageUrl": "https://images.stockx.com/images/Vans-Old-Skool-Black-White-Product.jpg"
  },
  {
    "title": "Reebok Classic Leather",
    "description": "Minimalist, elegant, and perfect for everyday wear.",
    "imageUrl": "https://media.shoesonline.co.il/2022/10/men-Reebok-Classic-Leather-Burgundy__GX8749-2.jpg"
  },
  {
    "title": "Converse Chuck Taylor",
    "description": "An iconic legend that never goes out of style.",
    "imageUrl": "https://m.media-amazon.com/images/I/61z0vurZ-yL._AC_UY1000_.jpg"
  },
  {
    "title": "Nike Blazer Mid '77",
    "description": "A vintage high-top with classic lines and attitude.",
    "imageUrl": "https://i.ebayimg.com/images/g/uMsAAOSw47Zm6yW9/s-l1200.jpg"
  },
  {
    "title": "Balenciaga Triple S",
    "description": "Oversized statement sneaker for bold streetwear.",
    "imageUrl": "https://media.gq-magazine.co.uk/photos/5d13a7f0003d75198fae74c5/16:9/w_1280,c_limit/balenciaga-01-gq-01dec18_b.jpg"
  },
  {
    "title": "ASICS Gel-Lyte III",
    "description": "Comfort-forward design with a rich sneaker history.",
    "imageUrl": "https://image-raw.reversible.com/raw_images/d1386fd2796970b6594ad1906c69b918674f383a1fbb1df508d7462cc55a2ee9"
  },
  {
    "title": "Nike React Vision",
    "description": "Futuristic design with ultra-comfy React cushioning.",
    "imageUrl": "https://www.shooos.com/media/catalog/product/cache/2/image/1350x778/9df78eab33525d08d6e5fb8d27136e95/c/d/cd4373-100-3.jpg"
  }
]
